max_index,beigntime,endtime,duration,depot_num,dis,energy_air,energy_no_air
0,21915,24235,2320,322,0.081283233,0,0
0,53686,54608,922,322,0.064127188,133.1029501,76.5612834
0,63502,64461,959,322,0.063642824,50.51651814,31.50262925
1,81661,21915,26654,322,0.118709931,84.08809699,48.54643033
,,,,,,,
,,,,,,,
1��completed all tasks and return the depot untill the next day,,,,,,,
0: completed current task and return a bus depot or layover point,,,,,,,
,,,,,,,
beigntime (s): the begin time of a layover,,,,,,,
endtime (s): the end time of a layover,,,,,,,
duration (s): duration time of a layover,,,,,,,
dis (km): the distance between layover GPS point and the identified layover point ,,,,,,,
energy_air (kWh): energy consumption with using air conditoning for the current trip task,,,,,,,
energy_no_air (kWh): energy consumption without using air conditoning for the current task trip,,,,,,,
